Hotel Name,Prices,Number_of_Reviews,Ranking
Roseate House New Delhi,"₹4,413
₹3,672","2,333 reviews","#1 Best Value of 4,135 places to stay in New Delhi"
The Roseate New Delhi,"₹5,979","1,915 reviews","#2 Best Value of 4,135 places to stay in New Delhi"
The Muse Sarovar Portico New Delhi Kapashera,"₹2,900
₹2,292",953 reviews,"#3 Best Value of 4,135 places to stay in New Delhi"
Radisson Blu Plaza Delhi Airport,"₹3,456","7,080 reviews","#4 Best Value of 4,135 places to stay in New Delhi"
Hotel Novotel New Delhi Aerocity,"₹3,162","2,725 reviews","#5 Best Value of 4,135 places to stay in New Delhi"
"Pride Plaza Hotel Aerocity, New Delhi","₹3,000
₹2,384","5,284 reviews","#6 Best Value of 4,135 places to stay in New Delhi"
Vivanta New Delhi Dwarka,"₹5,407
₹5,025","2,007 reviews","#7 Best Value of 4,135 places to stay in New Delhi"
The Park New Delhi,"₹4,499
₹3,898","4,820 reviews","#8 Best Value of 4,135 places to stay in New Delhi"
The Claridges Hotel,"₹4,950
₹3,814","4,139 reviews","#9 Best Value of 4,135 places to stay in New Delhi"
Andaz Delhi,"₹5,100","3,373 reviews","#10 Best Value of 4,135 places to stay in New Delhi"
"Taj Palace, New Delhi","₹4,750","4,128 reviews","#11 Best Value of 4,135 places to stay in New Delhi"
Hilton Garden Inn New Delhi / Saket,"₹4,549","2,066 reviews","#12 Best Value of 4,135 places to stay in New Delhi"
ibis New Delhi Aerocity,"₹2,249
₹1,874","2,393 reviews","#13 Best Value of 4,135 places to stay in New Delhi"
Piccadily Hotel,"₹3,820","2,095 reviews","#14 Best Value of 4,135 places to stay in New Delhi"
"Lemon Tree Premier, Delhi Airport","₹6,760
₹3,060","4,056 reviews","#15 Best Value of 4,135 places to stay in New Delhi"
Holiday Inn New Delhi International Airport,"₹3,315","3,026 reviews","#16 Best Value of 4,135 places to stay in New Delhi"
Eros Hotel,"₹4,239","2,826 reviews","#17 Best Value of 4,135 places to stay in New Delhi"
"The Leela Ambience Convention Hotel, Delhi","₹5,559","4,172 reviews","#18 Best Value of 4,135 places to stay in New Delhi"
Holiday Inn Express New Delhi International Airport T3,"₹5,199",788 reviews,"#19 Best Value of 4,135 places to stay in New Delhi"
"Red Fox Hotel, Delhi Airport","₹6,389
₹3,286","3,209 reviews","#20 Best Value of 4,135 places to stay in New Delhi"
Radisson Blu Hotel New Delhi Paschim Vihar,"₹4,480
₹4,032","2,513 reviews","#21 Best Value of 4,135 places to stay in New Delhi"
Park Plaza Delhi CBD Shahdara,"₹4,275","1,770 reviews","#22 Best Value of 4,135 places to stay in New Delhi"
Taurus Sarovar Portico,"₹2,699",889 reviews,"#23 Best Value of 4,135 places to stay in New Delhi"
Park Inn By Radisson New Delhi IP Extension,"₹3,440
₹2,752",740 reviews,"#24 Best Value of 4,135 places to stay in New Delhi"
The Umrao,"₹5,100
₹3,627",923 reviews,"#25 Best Value of 4,135 places to stay in New Delhi"
Hotel Delhi Aerocity,"₹2,013
₹1,436",734 reviews,"#26 Best Value of 4,135 places to stay in New Delhi"
Hotel Ajanta,"₹2,121
₹1,758","2,284 reviews","#27 Best Value of 4,135 places to stay in New Delhi"
Park Inn by Radisson New Delhi Lajpat Nagar,"₹3,599
₹3,599",208 reviews,"#28 Best Value of 4,135 places to stay in New Delhi"
Hotel City Park,"₹7,500
₹6,750",231 reviews,"#29 Best Value of 4,135 places to stay in New Delhi"
OYO 12191 Hotel Airlift,₹445,9 reviews,"#30 Best Value of 4,135 places to stay in New Delhi"
